district,total_listings,avg_price_sar,avg_area_sqm,avg_price_per_sqm,median_price_per_sqm
An Narjis,81,67917.22,240.25,446.0,477.78
Al Arid,71,74253.52,193.31,491.74,507.46
Al Malqa,64,84342.81,152.94,653.13,608.91
Ar Rimal,42,52342.86,190.86,349.15,386.54
Al Munsiyah,38,57305.26,258.11,382.24,225.0
Al Yasmin,38,78075.79,213.5,484.9,434.48
Qurtubah,35,68385.71,215.8,459.82,448.28
Al Qirawan,35,71000.0,225.94,453.03,470.59
Dhahrat Laban,31,52677.42,225.68,289.66,304.64
As Sahafah,25,114280.0,146.96,976.31,1071.43
Al Mahdiyah,21,47523.81,219.86,317.7,365.85
Hittin,20,92568.0,184.2,661.67,680.61
Al Yarmouk,15,57800.0,150.73,468.16,515.87
As Sulimaniyah,12,100666.67,214.5,725.43,313.06
An Nakheel,11,98170.91,98.82,1040.48,1000.0
Tuwaiq,10,37520.0,205.7,264.41,246.21
Ash Sharq,10,38260.0,273.7,179.66,137.94
Ad Dhubbat,10,53500.0,246.7,370.98,323.5
Al Qadisiyah,9,49000.0,230.56,259.68,241.38
As Safaa,9,63555.56,157.44,479.1,542.64
Irqah,8,137500.0,203.62,743.69,816.39
At Taawon,8,79125.0,139.38,596.19,556.29
An Nada,8,98125.0,129.62,766.03,654.55
Al Aqiq,8,73821.88,198.0,541.28,511.11
Al Fayha,7,49857.14,244.57,253.68,237.15
Al Olaya,7,71142.86,274.29,549.87,600.0
Ar Rayan,7,75428.57,128.0,649.81,735.29
Al Quds,6,61966.67,211.83,403.41,391.78
Ghirnatah,6,65000.0,182.5,503.46,521.39
An Nafal,6,101666.67,234.17,543.9,514.14
Al Maizilah,6,52000.0,154.5,441.97,490.53
Al Manar,5,55800.0,195.4,433.16,482.76
Dahiat Namar,5,31080.0,277.2,174.75,124.29
An Nuzhah,5,84400.0,98.4,947.04,874.13
Ar Rawdah,5,65200.0,235.2,374.23,383.33
An Nasim Ash Sharqi,5,110400.0,296.6,341.45,333.33
Al Masif,5,91800.0,175.0,611.7,700.64
Al Khaleej,5,36800.0,162.0,354.11,400.0
Al Jazirah,5,50400.0,412.2,187.21,92.98
Al Hamra,4,88600.0,274.75,414.21,478.01
An Nahdah,4,39750.0,196.75,302.61,341.32
As Saadah,4,53000.0,325.5,305.74,174.45
Riyadh General,4,50000.0,169.25,506.23,581.9
An Nasim Al Gharbi,4,34400.0,328.0,175.35,95.71
Badr,4,28000.0,226.0,174.27,194.77
Ishbiliyah,4,41750.0,104.5,434.34,375.83
Al Muruj,4,77500.0,127.25,677.24,652.17
King Faisal,4,65000.0,222.25,424.65,479.17
Dirab,3,30000.0,169.33,245.24,275.23
King Abdullah,3,104333.33,136.0,686.62,480.0
Ar Rabie,3,64666.67,127.0,521.56,428.57
Al Wurud,3,39333.33,73.33,550.0,533.33
Dhahrat Namar,3,37666.67,314.67,137.55,166.11
Thalim,3,223200.0,219.0,925.15,741.84
Al Marwah,3,29333.33,95.33,326.59,338.71
Al Janadriyah,3,36666.67,319.67,142.97,84.27
Al Ezdihar,3,88333.33,125.67,706.06,729.17
Al Wadi,3,46666.67,223.33,440.97,333.33
Al Uraija Al Gharbiyah,3,43666.67,400.0,109.17,90.0
Al Andalus,3,55000.0,121.67,462.88,529.41
Al Murabba,3,65500.0,172.0,459.76,313.9
Al Uraija Al Wusta,3,32666.67,333.33,123.33,75.0
Ar Rabwah,3,55000.0,188.33,350.07,227.27
Ash Shuhada,3,64333.33,271.0,506.88,572.52
Al Faruq,3,58333.33,103.0,565.53,594.06
Al Ghadir,2,102500.0,106.0,965.75,965.75
Al Mursalat,2,95000.0,101.0,948.12,948.12
Al Malaz,2,36400.0,257.5,420.05,420.05
Ad Dar Al Baida,2,32000.0,365.0,161.79,161.79
Al Aziziyah,2,25000.0,291.0,90.17,90.17
Uraidh,2,46250.0,418.5,108.02,108.02
Umm Al Hamam Al Gharbi,2,40750.0,443.5,92.0,92.0
Okaz,2,42500.0,154.0,281.72,281.72
Ar Rawabi,2,71500.0,256.5,400.98,400.98
King Fahd,2,71000.0,93.5,753.45,753.45
Jarir,2,61000.0,360.0,401.67,401.67
Az Zahra,2,30800.0,271.0,211.36,211.36
Umm Salim,2,24500.0,95.5,271.92,271.92
Shubra,2,40000.0,450.0,92.5,92.5
As Salam,2,36500.0,269.5,149.7,149.7
Ar Raid,2,105000.0,100.5,1044.18,1044.18
Al Mishal,1,33000.0,60.0,550.0,550.0
Al Mathar Ash Shamali,1,130000.0,177.0,734.46,734.46
Al Mughrizat,1,95000.0,111.0,855.86,855.86
Al Hazm,1,45000.0,375.0,120.0,120.0
Al Fakhiriyah,1,50000.0,120.0,416.67,416.67
Ad Dubiyah,1,36000.0,141.0,255.32,255.32
Ad Deerah,1,20000.0,207.0,96.62,96.62
Al Mohammadiyah,1,57000.0,540.0,105.56,105.56
As Suwaidi Al Gharabi,1,35000.0,60.0,583.33,583.33
Ar Rahmaniyah,1,50000.0,325.0,153.85,153.85
Ar Rafiah,1,56000.0,100.0,560.0,560.0
An Nadhim,1,65000.0,234.0,277.78,277.78
Al Yamamah,1,18500.0,480.0,38.54,38.54
Al Wizarat,1,30000.0,60.0,500.0,500.0
An Namudhajiyah,1,90000.0,128.0,703.12,703.12
Az Zahrah,1,18000.0,200.0,90.0,90.0
Banban,1,30000.0,500.0,60.0,60.0
Manfuhah,1,18000.0,129.0,139.53,139.53
Namar,1,25000.0,160.0,156.25,156.25
Salah Ad Din,1,135000.0,129.0,1046.51,1046.51
Taiba,1,32000.0,175.0,182.86,182.86
Uhud,1,28000.0,420.0,66.67,66.67
Umm Al Hamam Al Sharqi,1,20000.0,150.0,133.33,133.33
